{
    "code": 0,
    "msg": null,
    "data": [
        {
            "xAxisAccu": [
                "1=<distance<10km",
                "1=<distance<20km",
                "1=<distance<30km",
                "1=<distance<40km",
                "1=<distance<50km",
                "1=<distance<60km",
                "1=<distance<70km",
                "1=<distance<80km",
                "1=<distance<90km",
                "1=<distance<100km",
                "1=<distance<120km",
                "1=<distance<150km",
                "1=<distance<200km",
                "distance>=200km"
            ],
            "yAxis": [
                27.272728,
                36.363636,
                9.090909,
                0,
                0,
                0,
                0,
                0,
                0,
                9.090909,
                9.090909,
                0,
                0,
                9.090909
            ],
            "xAxis": [
                "1=<distance<10km",
                "10=<distance<20km",
                "20=<distance<30km",
                "30=<distance<40km",
                "40=<distance<50km",
                "50=<distance<60km",
                "60=<distance<70km",
                "70=<distance<80km",
                "80=<distance<90km",
                "90=<distance<100km",
                "100=<distance<120km",
                "120=<distance<150km",
                "150=<distance<200km",
                "distance>=200km"
            ],
            "yAxisAccu": [
                27.272728,
                63.636364,
                72.72727,
                72.72727,
                72.72727,
                72.72727,
                72.72727,
                72.72727,
                72.72727,
                81.818184,
                90.90909,
                90.90909,
                90.90909,
                9.090909
            ]
        },
        {
            "xAxisAccu": [
                "1=<distance<10km",
                "1=<distance<20km",
                "1=<distance<30km",
                "1=<distance<40km",
                "1=<distance<50km",
                "1=<distance<60km",
                "1=<distance<70km",
                "1=<distance<80km",
                "1=<distance<90km",
                "1=<distance<100km",
                "1=<distance<120km",
                "1=<distance<150km",
                "1=<distance<200km",
                "distance>=200km"
            ],
            "yAxis": [
                0,
                32.35294,
                17.647058,
                5.882353,
                0,
                2.9411764,
                0,
                2.9411764,
                0,
                5.882353,
                11.764706,
                5.882353,
                5.882353,
                8.823529
            ],
            "xAxis": [
                "1=<distance<10km",
                "10=<distance<20km",
                "20=<distance<30km",
                "30=<distance<40km",
                "40=<distance<50km",
                "50=<distance<60km",
                "60=<distance<70km",
                "70=<distance<80km",
                "80=<distance<90km",
                "90=<distance<100km",
                "100=<distance<120km",
                "120=<distance<150km",
                "150=<distance<200km",
                "distance>=200km"
            ],
            "yAxisAccu": [
                0,
                32.35294,
                50,
                55.882355,
                55.882355,
                58.82353,
                58.82353,
                61.764706,
                61.764706,
                67.64706,
                79.411766,
                85.29412,
                91.17647,
                8.823529
            ]
        },
        {
            "xAxisAccu": [
                "1=<distance<10km",
                "1=<distance<20km",
                "1=<distance<30km",
                "1=<distance<40km",
                "1=<distance<50km",
                "1=<distance<60km",
                "1=<distance<70km",
                "1=<distance<80km",
                "1=<distance<90km",
                "1=<distance<100km",
                "1=<distance<120km",
                "1=<distance<150km",
                "1=<distance<200km",
                "distance>=200km"
            ],
            "yAxis": [
                12.5,
                31.25,
                14.583333,
                4.1666665,
                0,
                2.0833333,
                0,
                2.0833333,
                0,
                6.25,
                10.416667,
                4.1666665,
                4.1666665,
                8.333333
            ],
            "xAxis": [
                "1=<distance<10km",
                "10=<distance<20km",
                "20=<distance<30km",
                "30=<distance<40km",
                "40=<distance<50km",
                "50=<distance<60km",
                "60=<distance<70km",
                "70=<distance<80km",
                "80=<distance<90km",
                "90=<distance<100km",
                "100=<distance<120km",
                "120=<distance<150km",
                "150=<distance<200km",
                "distance>=200km"
            ],
            "yAxisAccu": [
                12.5,
                43.75,
                58.333332,
                62.5,
                62.5,
                64.583336,
                64.583336,
                66.666664,
                66.666664,
                72.916664,
                83.333336,
                87.5,
                91.666664,
                8.333333
            ]
        }
    ],
    "success": true
}